pool_id,ticker,stake_ada,pledge_ada,nu,pi,A,base,bonus,E,reward_at_pbar1_ada
pool1vhz87537anw4u0ruqsyuftyh7zxnrxptr4nnv0m6mjgeu8kp83z,,76324575,76000000,0.991373,0.987157,0.970233,0.762594,0.223900,0.986494,30647
pool1r99a6puhdv2xzcfw05jjqvks3xhmy2l4wsndx9hmhudvu4yevz5,,76324020,76000000,0.991366,0.987157,0.970219,0.762589,0.223897,0.986486,30647
pool18rjrygm3knlt67n3r3prlhnzcjxun7wa8d3l8w9nmlpasquv4au,CF1,76315167,76000000,0.991251,0.987157,0.969994,0.762500,0.223845,0.986345,30643
pool1n6erydn8x79sa3fmrqmj7mcyqa9em5fppr447j6d9k0xwfl7sc5,CF4,76301500,76000000,0.991073,0.987157,0.969645,0.762364,0.223764,0.986128,30636
pool1xmlq3sgssww6kwu8dupgxukzhlk77j40p9c4r3qux3j5z2ysk2c,CF2,76301500,76000000,0.991073,0.987157,0.969645,0.762364,0.223764,0.986128,30636
pool1l0erdjregched3dj828q93rfa2f4w4p62nr248xshj5huq6zuvp,CF3,76301500,76000000,0.991073,0.987157,0.969645,0.762364,0.223764,0.986128,30636
pool1yafxktvszg85t5m20l8q8sufgcae6cxlk8cx96wrt8cdva7aknf,,76271303,76000000,0.990681,0.987157,0.968876,0.762062,0.223587,0.985649,30621
pool1uy07qyf0gzzua2glqspyvyevwpe8tamajnqj6c7mjzy4v3m4kne,,76330348,75500000,0.991448,0.980662,0.964051,0.762652,0.222473,0.985125,30605
pool1rkm8rplkafvllxjuddrkqc3u3lgd9uf327tvmvfdyygsv7lkhm8,,75527054,75500000,0.981014,0.980662,0.943784,0.754626,0.217796,0.972422,30210
pool1r9fpxs4kcn80kylsjxs8tg3p50nk2s66qerfqtw4x70n5740nj9,,76236515,71000000,0.990229,0.922212,0.904891,0.761715,0.208821,0.970536,30152
pool1kmmahq4upmm5j8fkh3xa9vd7gdffkp8pd4axucfh4w4dw549yqe,,76193763,71000000,0.989674,0.922212,0.903907,0.761287,0.208594,0.969881,30131
pool1luhm55xxqp0cv7a43rcfrr8m6m74kfe7wdvqdgfzt483x29lr0t,CF5,75500026,73000000,0.980663,0.948190,0.912469,0.754356,0.210570,0.964926,29977
pool1a5ld0eulnjxwpg6qyjs6hxzqwj0esft7k0qsf6nj8pkfxy5lml3,,74036148,73000000,0.961649,0.948190,0.877345,0.739730,0.202464,0.942194,29271
pool1cxjqg6nn588ura2rx4uptwprgzw82j89j2gjguwhtun4ypw2sh4,,74034785,73000000,0.961631,0.948190,0.877313,0.739716,0.202457,0.942173,29270
pool1hv59awqky90plv68xun2k3rd7jqfe5y2c4ry8f7p0x9pxhd7wqr,,74033117,73000000,0.961609,0.948190,0.877273,0.739699,0.202448,0.942147,29270
pool1ntlyr9hrrdg3gpdkmr267hq46ys2rlj5y25dzx3reuecgd7p5sh,,74031521,73000000,0.961588,0.948190,0.877234,0.739683,0.202439,0.942122,29269
pool1yyar66t9fw9dscj8huhredgwplcnf22zq7q7vugur0t5c9nzt97,,74027530,73000000,0.961537,0.948190,0.877139,0.739644,0.202417,0.942060,29267
pool1kphkk90f2mculhcndpdd3a7ukvptzqrgyr9jtuvw6c5z2dptuph,,74022344,73000000,0.961469,0.948190,0.877014,0.739592,0.202388,0.941980,29264
pool1nqheyct9a0mxn80cwp9pd5guncfu3rzwqtmru0l94accz7gjcgl,CAG,73189070,73000000,0.950646,0.948190,0.857021,0.731266,0.197774,0.929040,28862
pool1l0m820vyqh5pp2yzpw973qzz23neqqd977u0uczh9fs9zqvg0je,,76117900,50000000,0.988688,0.649445,0.637328,0.760529,0.147076,0.907605,28197
pool155p7g23vdme50kp5lfqylfx5h7ndldyz2mletvr8fqucqzyrk44,,74536462,50000000,0.968147,0.649445,0.615324,0.744729,0.141998,0.886726,27548
pool13c9mnvfx4nvwvkszxcprwlv60fh3tteef50hhhv9yxptsua2v70,DARK,71075188,68000000,0.923189,0.883246,0.755481,0.710145,0.174342,0.884487,27478
pool1ljqjqskd4f4zekzddw204u5xtzhyz2cllq5v5dmn27zdwf9c70f,,74999944,30000000,0.974167,0.389667,0.375679,0.749359,0.086695,0.836054,25974
pool1w4cetqsly2cz9fq2te95tnk2r56mh6ew6dmpyfctv2ldv8xuj9g,,74920142,30000000,0.973131,0.389667,0.375117,0.748562,0.086566,0.835128,25945
pool1r2fph82mjhgu955cesn4yejjva4sk7uuh06yhwf8e9ln5djy5h7,CF6,75500002,14750000,0.980662,0.191586,0.187172,0.754356,0.043193,0.797549,24777
pool1457cnl7qu568h98xrw8krfnjkhf05mfhaq2l50epwy36yuln20q,,70527329,35000000,0.916073,0.454612,0.399112,0.704671,0.092103,0.796774,24753
pool14cq4fchmmqjygwjw4zexmqqd6a7caxptjnvseyu6wanjuppv4vk,CH1,76593025,3000000,0.994860,0.038967,0.038759,0.765277,0.008944,0.774221,24053
pool1xytvsd9qnvqxpthh9p8k85e823trvn3npxeur8kr9zhkqz5uls9,ADV,76981439,250000,0.999905,0.003247,0.003247,0.769157,0.000749,0.769907,23919
pool12t3zmafwjqms7cuun86uwc8se4na07r3e5xswe86u37djr5f0lx,NORTH,77760874,10000,1.010029,0.000130,0.000130,0.769231,0.000030,0.769261,23899
pool1gaztx97t53k47fr7282d70tje8323vvzx8pshgts30t9krw62tm,TW001,115652622,100,1.502201,0.000001,0.000001,0.769231,0.000000,0.769231,23898
pool1k3nkfa5ugavrpd9nwd3s6yyx454qxnquxwmux4rzfunl7q0z38t,KILN9,95374061,100,1.238805,0.000001,0.000001,0.769231,0.000000,0.769231,23898
pool19yzqr3meksnvzdxh5xf6aknfhldyqdj7eaquxgcjva4mzt5kg3v,gjp7a,89734278,2,1.165550,0.000000,0.000000,0.769231,0.000000,0.769231,23898
pool1f2wfjqkf2wx6jq93pdck6hgmy9zgw32lmvrq9zejl7scqxjqfze,,92701798,2,1.204095,0.000000,0.000000,0.769231,0.000000,0.769231,23898
pool1ra2su7cvnmr83pu9nvvz4a9carsgc9egc3e5fuk7h9pycyp5ela,LBF4,82760831,2,1.074973,0.000000,0.000000,0.769231,0.000000,0.769231,23898
pool12m7z9p7jqymxrvvp6z7vmfdu6j6u6y43p0m6y4xalz43sc8s4t9,N/A,120463301,0,1.564687,0.000000,0.000000,0.769231,0.000000,0.769231,23898
pool1mtxmk0skqkr5y0wxnxps4n35j6wn9q8dfr82y423vvlp53vccux,KILN3,75879797,100,0.985596,0.000001,0.000001,0.758150,0.000000,0.758151,23553
pool10d6mmw3mn9ku3r7uqqye672dz3sv76lh5kvh5rdpr9l5ug5yknr,KILN4,75785444,100,0.984370,0.000001,0.000001,0.757208,0.000000,0.757208,23524
pool1v62c7d92xv6gyh4x9rhfpkwzlpw2ypxk92xvzavakg3xypatklv,KILN2,75729814,100,0.983647,0.000001,0.000001,0.756652,0.000000,0.756652,23507
pool16agnvfan65ypnswgg6rml52lqtcqe5guxltexkn82sqgj2crqtx,SPIRE,75421953,1000000,0.979649,0.012989,0.012721,0.753576,0.002936,0.756512,23503
pool1mfyzxyggryp0jhgghvzas7qjdyz2rcfnm5rfq8s9uefvukrlps5,,75552335,200,0.981342,0.000003,0.000003,0.754879,0.000001,0.754879,23452
pool1k633phcvz2hjhj45evwwau4w576jpq83acg5h84w23jauqu56cw,NORTH,74702302,10000,0.970301,0.000130,0.000126,0.746386,0.000029,0.746415,23189
pool16ajaae2n5lsyr4f9k9uz5y8tpf0996tw640dzu7chwp2wdrnz6a,BLADE,74295766,500000,0.965021,0.006494,0.006266,0.742324,0.001446,0.743770,23107
pool1eqa7kxx4xg35cu4rqj4exkvzhenscgh8wxez0gl7hsagygp79kr,PILOT,74050012,1050000,0.961829,0.013638,0.013111,0.739868,0.003026,0.742894,23079
pool1xsj9s3mfpztls97x7jjql0msmeh5v3wa5vyqhmmmsx8jzsqxrsv,,73940711,100,0.960409,0.000001,0.000001,0.738776,0.000000,0.738776,22952
pool1ekcsyzwexl7p2kwxxh34hy28l6772vrmff7jwmuxsa6u6fzty9z,ADALO,73662630,200000,0.956797,0.002598,0.002485,0.735998,0.000574,0.736571,22883
pool1lfvzgsrghmugvpym868mh29288ez0nncz680mamzjygu2jpuwcd,NORTH,73471919,10000,0.954320,0.000130,0.000124,0.734092,0.000029,0.734121,22807
pool17rjst78s67lvellg8s586rf076jxa3wnsdz730f4xk2zwuhrtej,NORTH,73387015,10000,0.953217,0.000130,0.000124,0.733244,0.000029,0.733272,22781
pool1ahazpr2yz5gljk2m4q8g7wnmq7m2sr9unhdfmr5arhqrjnntwdz,ADV3,73118983,250000,0.949736,0.003247,0.003083,0.730566,0.000712,0.731277,22719
pool1hnp560z9e5acwux8tjguxq36j9r255zuf02u7z2d46dvcf5zhns,LCP,72808070,333333,0.945697,0.004330,0.004094,0.727459,0.000945,0.728404,22629
pool1zgjk3dzwcwd02juqntuzknr368hvxjxy8l8uzkxvgu4252d7ekf,,72797377,100,0.945558,0.000001,0.000001,0.727353,0.000000,0.727353,22597
pool18ufrgfgmslekdxnk9v9345qvhrr7vfgzkvneqtwm7unnwaht6ww,OGAM,72409351,500000,0.940518,0.006494,0.006106,0.723476,0.001409,0.724885,22520
pool1qqqqpanw9zc0rzh0yp247nzf2s35uvnsm7aaesfl2nnejaev0uc,TITAN,72055261,250000,0.935919,0.003247,0.003038,0.719938,0.000701,0.720639,22388
pool18vej0s9gska8c847aj95g9v24duuxg2g63d5cuqngnxew643jw9,ADV2,71863816,250000,0.933432,0.003247,0.003030,0.718025,0.000699,0.718724,22329
pool1vx9tzlkgafernd9vpjpxkenutx2gncj4yn88fpq69823qlwcqrt,CRDNS,71274442,200000,0.925777,0.002598,0.002404,0.712136,0.000555,0.712691,22141
pool197na7w0h8hjc8wdvwys7nsalhtpctefa3m23udeqxpfk6nzq8l9,N/A,70955463,0,0.921634,0.000000,0.000000,0.708949,0.000000,0.708949,22025
pool15cy4p3axu0m6sfrmxsp46z5cevx3ruksfwjl48730cgx24j4ydz,TECH,70828404,101000,0.919984,0.001312,0.001207,0.707680,0.000278,0.707958,21994
pool1fcp4d2pxh0e7q5ju63sjqcdpxpr3pvxg6ykl23t6c97d7dnvjvw,KILN1,70698848,100,0.918301,0.000001,0.000001,0.706385,0.000000,0.706385,21945
pool17s3mr9c4ejjfq20dz0ls9ggskc770kt267s9xmw93payzdswwgg,FIKA,70666781,50000,0.917884,0.000649,0.000596,0.706065,0.000138,0.706202,21940
pool1fl20ddkpvnstlx63fal6e3ku46r76nk2s4mqtk5jnyxn2vt7hg6,KOH,70531680,0,0.916129,0.000000,0.000000,0.704715,0.000000,0.704715,21893
pool1j276s043qh2knv3ukmap6sra6sk7p5khuetzwx9h43wqydzsx8c,UBE,70334203,0,0.913564,0.000000,0.000000,0.702742,0.000000,0.702742,21832
pool1xed948ze4guhrkt9zxjmecjvgkvgf8gd8skkzgtacz6gsyk9m5c,WGM,70331238,0,0.913526,0.000000,0.000000,0.702712,0.000000,0.702712,21831
pool1edqwpnln3zr9gj9sfsmyl72pen6hdwev07xgqj7uz5mkjrgfj6h,TBG,70195311,0,0.911760,0.000000,0.000000,0.701354,0.000000,0.701354,21789
pool14xq8v9s80ut6vmwp93tzhlydhsdqhxk3e9jerl2kl7hm2dq6pru,ARH,70192320,0,0.911721,0.000000,0.000000,0.701324,0.000000,0.701324,21788
pool18gk8kvd9qf829nldqus92q9y640e6u0jdyfz04mmktwxvglgt06,SBP1,70097034,0,0.910484,0.000000,0.000000,0.700372,0.000000,0.700372,21758
pool1vcwsfldh4gkzga4mc6p86y0vytkqfm9e2dy44hs00v34yeqnfaf,FVG,70074420,0,0.910190,0.000000,0.000000,0.700146,0.000000,0.700146,21751
pool1sdare7xfd6tmak8ghek7kwgpgj6xzu0reppmw4t46rmcs0h6vr2,UTA,70050946,0,0.909885,0.000000,0.000000,0.699912,0.000000,0.699912,21744
pool1fqas6yd8n3fdpz8e869qjvyensdmzletqjexcut8mxasu2sk72r,LAG,70049541,0,0.909867,0.000000,0.000000,0.699898,0.000000,0.699898,21744
pool1s8347yjgmfguf0ynj69euw7r75w7usdrfheckpcrjrk2yfvnpwq,N/A,70039160,0,0.909732,0.000000,0.000000,0.699794,0.000000,0.699794,21740
pool1lev7ygxcqd4aw5em7wf7y64au4hv04yl5cew27lkjmgngj46vqk,TLK,70036750,0,0.909701,0.000000,0.000000,0.699770,0.000000,0.699770,21740
pool17arsgklktp9sayk5kzaakwvl3jwyczp07guux2yd0upgqh04qjl,RMH,70028324,0,0.909591,0.000000,0.000000,0.699686,0.000000,0.699686,21737
pool13s5faca3kkg6jhqcll8xd9tarur3zkhalyuu92d5g87zyj4wrrc,TZD,70023836,0,0.909533,0.000000,0.000000,0.699641,0.000000,0.699641,21736
pool16e43yxx4djcvnsunwgrm8tnph0ljrt3p9tnezu3qvtcwzh4zwwa,FBA,70022538,0,0.909516,0.000000,0.000000,0.699628,0.000000,0.699628,21735
pool1njjr0zn7uvydjy8067nprgwlyxqnznp9wgllfnag24nycgkda25,FMD,70021946,0,0.909508,0.000000,0.000000,0.699622,0.000000,0.699622,21735
pool1tn7rcvc5lln8frln5n9rfd9cg8kcrj4vlm3ycdquyx5s2mlhmtk,N/A,70021796,0,0.909507,0.000000,0.000000,0.699620,0.000000,0.699620,21735
pool1w7dk7rn0cflzzfr4fqvjpapn0rkz5ksmerx5tgwpm2gtj2gly97,N/A,70021140,0,0.909498,0.000000,0.000000,0.699614,0.000000,0.699614,21735
pool1qlps2dwr0qd0a7pjqr47apewf2lq42xv03zgentgwv9mspeh57g,,70020446,0,0.909489,0.000000,0.000000,0.699607,0.000000,0.699607,21735
pool143d6z506u6yfufgzrtx8ywcwx3j4s29lxv5tdugcpcwk2l83gck,,70018730,0,0.909467,0.000000,0.000000,0.699590,0.000000,0.699590,21734
pool104z3yr7faqhck6wcsczhmqrrpdeparcr8juw8unxy8tm6xp447d,,70016829,0,0.909442,0.000000,0.000000,0.699571,0.000000,0.699571,21734
pool1fpvs8h5q5kwpz4k2yd0vw90dgdxacr3ef508tzzewm0kysdt4eq,SBP2,70000011,0,0.909224,0.000000,0.000000,0.699403,0.000000,0.699403,21728
pool1kl2vuauwfc5k0avf874ym5tcm04ywa22frleszhujeccj4va3lt,N/A,69672001,0,0.904963,0.000000,0.000000,0.696125,0.000000,0.696125,21626
pool13hxlxd6qa68fmfhrvvmasa0mjg30tj9p5v2lmgmgsmrp2rgzkfp,dtDn,68846722,250000,0.894244,0.003247,0.002903,0.687880,0.000670,0.688550,21391
pool1mtuhuh8hkf8am0qzx45y58kll8q83sjh6pwljrflcmw970d82f3,KILN6,68738524,100,0.892838,0.000001,0.000001,0.686799,0.000000,0.686799,21337
pool1gclysx2h7fndj0jdajlmwvqr8q9tzu3rurjknacu0ff954fsg9a,1PCT0,68405532,50000,0.888513,0.000649,0.000577,0.683472,0.000133,0.683605,21238
pool1tdsrw0n33gmy0mzh7cgtn9p0jy5xwjxaa2s26gn2ewf8kg4nrzx,CAFE,68208842,100000,0.885958,0.001299,0.001151,0.681506,0.000266,0.681772,21181
pool1qqqqqdk4zhsjuxxd8jyvwncf5eucfskz0xjjj64fdmlgj735lr9,ATADA,67865232,1300000,0.881495,0.016886,0.014851,0.678073,0.003427,0.681500,21172
pool15yyxtkhz64p7a8cnax9l7u82s9t9hdhyxsa3tdm977qhgpnsuhq,SECUR,68140383,100000,0.885069,0.001299,0.001149,0.680822,0.000265,0.681088,21159
pool1ju8f57hyvaa32tp85r468kuedvmjmcy56f8u9968drea57p50l5,AICHI,67853174,100000,0.881339,0.001299,0.001145,0.677953,0.000264,0.678217,21070
pool1yh7ksvg54nger73ldnf22cgwyh0dnm4aerahdd0kdukjqeacy32,N/A,67571843,0,0.877684,0.000000,0.000000,0.675142,0.000000,0.675142,20975
pool18xu4fh88v4naq5u3x9ya5aevfkrfd7a8a4gw6sejdvjnsrpud2a,,67080729,0,0.871305,0.000000,0.000000,0.670235,0.000000,0.670235,20822
pool1a8n7f97dmgtgrnl53exccknjdchqxrr9508hlxlgqp6xvjmzhej,HAPPY,66863862,130000,0.868488,0.001689,0.001466,0.668068,0.000338,0.668406,20765
pool13k6tphjfsgqdq7h27p4x86ruchcdg2x073luw8pndh3ajxvwvja,BLC,65160542,1000,0.846364,0.000013,0.000011,0.651049,0.000003,0.651052,20226
pool19pyfv4xnln8x4l7auw0n0skk3hd97shun707hrw5d4s553ys74x,TITAN,64959200,250000,0.843749,0.003247,0.002738,0.649038,0.000632,0.649670,20183
pool1ff2hr0sukqqd75jr2rh3wrmnesxqgpq42dgd6rm3ungnqp904ue,BD3,64809224,200,0.841801,0.000003,0.000002,0.647539,0.000001,0.647540,20117
pool1z5uqdk7dzdxaae5633fqfcu2eqzy3a3rgtuvy087fdld7yws0xt,OCTAS,64661929,50000,0.839888,0.000649,0.000545,0.646067,0.000126,0.646193,20075
pool1whmm0hkxunyhxsr6dfjpx2tpvd05qhev820lx9vcmvqa5wjc6nh,1COMM,64162220,402000,0.833397,0.005222,0.004347,0.641075,0.001003,0.642078,19947
pool1zkdc6ve9nndk7vxnjlalhqt4hr5h8auz5qzjk7lrjrqtv23yuy5,CLOVR,64201243,101000,0.833904,0.001312,0.001094,0.641465,0.000252,0.641717,19936
pool1ddg6t2h9kj6lqlec4ncjs945lzj43m3ggrgdhf5sgzhtygpkznz,FAIR,64066423,100000,0.832153,0.001299,0.001081,0.640118,0.000249,0.640367,19894
pool1nz9h4raywm6mu2v8l7htuaqvmn06l3mepuaxynpzlwljsf8txhy,NORTH,63756951,10000,0.828133,0.000130,0.000108,0.637025,0.000025,0.637050,19791
pool1jakl9kqhx87ywc7fcxweaxvna9khxhzyh6v8j70u6zpaxa45ghh,THNDR,63359702,100,0.822973,0.000001,0.000001,0.633056,0.000000,0.633057,19667
pool1xs34q2z06a46nk7hl48d27dj5gzc6hh9trugw2ehs9ajsevqffx,SNAKE,63252499,15000,0.821581,0.000195,0.000160,0.631985,0.000037,0.632022,19635
pool16f95up5u5lyqne5mnxmlhe0rgdgmya27mph288r6gw0ukegjffa,MARAC,63015158,100000,0.818498,0.001299,0.001063,0.629614,0.000245,0.629859,19568
pool15s7w4spg5ee7n7rprhs0dq78plw2mhjkpu5v97uvl27gz2way7z,BALNC,62370392,100000,0.810123,0.001299,0.001052,0.623172,0.000243,0.623414,19368
pool1zz7x8ergn02chznayj9fjds2gk5q6prmpdr49faspd65kzqsrjs,AUTO,62360949,100,0.810001,0.000001,0.000001,0.623077,0.000000,0.623078,19357
pool19w5khsnmu27au0kprw0kjm8jr7knneysj7lfkqvnu66hyz0jxsx,ATAD2,61510688,1300000,0.798957,0.016886,0.013434,0.614582,0.003100,0.617682,19189
pool1vkc0dvuf8rxrch87umfayacgglrh8f88ef0f64xrdue5u2xjwfm,IFS1,61610026,0,0.800247,0.000000,0.000000,0.615575,0.000000,0.615575,19124
pool1lu2luhmkyayq9njh848kfknn6evwzmn3gzsxar7z3sttg7grxcm,PPTG1,61122372,500,0.793913,0.000006,0.000005,0.610702,0.000001,0.610703,18973
pool1n0uxgs5qfk5n9xl7qvq9jt8zuu02cntrsjnjayjlqtejyffnemj,EVE7,61011669,10,0.792475,0.000000,0.000000,0.609596,0.000000,0.609596,18938
pool1j6xfryctrxm4aplw3vnrtgfsvqdr35exenxqse5kzxmfue7qqmr,N/A,60922777,0,0.791320,0.000000,0.000000,0.608708,0.000000,0.608708,18911
pool192pfftt48zc4x5aellvpufk6l6zxllpldw0rx82vrhqrqfhhqs2,EMUR5,60716384,500,0.788639,0.000006,0.000005,0.606646,0.000001,0.606647,18847
pool1rvng7n968748udkc5rxy4h9zp9hms4s3jsfwuues76ft28uc056,DIGI,60275690,200000,0.782915,0.002598,0.002032,0.602243,0.000469,0.602712,18724
pool1u2fuz3fn5dfphf0cu0sewm4rnera445avenggle9sl4hy7rjzgv,N/A,60291736,0,0.783124,0.000000,0.000000,0.602403,0.000000,0.602403,18715
pool1sysgx87cwxnqy0pqn8g97gdhd0dmre9rw3jvpn2k7apuwa7cgkn,EVE6,60165539,10,0.781485,0.000000,0.000000,0.601142,0.000000,0.601142,18676
pool1m0drnjxsvnlesq0rwmur2rh6lenuql57jfzd6cf6aegj2cv7ugy,EMUR1,60013953,500,0.779516,0.000006,0.000005,0.599627,0.000001,0.599629,18629
pool1fd0q9h8974y6psejmzczlywy8fgxxy07rn2ynrwu734aqwq540p,,59675661,0,0.775122,0.000000,0.000000,0.596247,0.000000,0.596247,18524
pool1wpmjtfqcwvtcs9znpuulk99yk2zz6pfh0c4k9f2xlcspgqjndk2,MS4,59409970,100000,0.771671,0.001299,0.001002,0.593593,0.000231,0.593824,18448
pool173mzegwuu0pjcrt60ekelzj5haqr8r5e4e0n45qh9jdz7xm5kh8,ROCKY,59362476,100000,0.771054,0.001299,0.001001,0.593118,0.000231,0.593349,18434
pool1k0ucs0fau2vhr3p7qh7mnpfgrllwwda7petxjz2gzzaxkyp8f88,POLY,58779489,1000000,0.763481,0.012989,0.009877,0.587293,0.002279,0.589573,18316
pool103455uc7a3477q8pdmzvny884qtlv9vhm2csxvqx2cadwuk36sq,EDEN,58908394,1000,0.765156,0.000013,0.000010,0.588581,0.000002,0.588584,18285
pool10rdglgh4pzvkf936p2m669qzarr9dusrhmmz9nultm3uvq4eh5k,KILN0,58783442,100,0.763533,0.000001,0.000001,0.587333,0.000000,0.587333,18247
pool1zgxvcqf0dvh0ze56ev2ayjvuex3zdd3hgxzdrcezkx497mv3l7s,RSTK,58739039,1000,0.762956,0.000013,0.000010,0.586889,0.000002,0.586891,18233
pool1095d0cr8yp0selmnrst5hnuf8jcl6vlkxlr2j6kq4x6qs4yxuwt,N/A,58731975,0,0.762864,0.000000,0.000000,0.586819,0.000000,0.586819,18231
pool1aqg8vxzv75zhjzjjd9s20fu6r0xz70yl8lk3teacwy7qyc2p2j7,KILN7,58575892,100,0.760837,0.000001,0.000001,0.585259,0.000000,0.585259,18182
pool12z39rkzfylvn9wfe8j6x9ucq6g2l4mw4azj70y0gd8ejczznyj3,BRAVO,57913099,310000,0.752228,0.004027,0.003025,0.578637,0.000698,0.579335,17998
pool1f9934hk9awd25mmxl0dd2haqvda9nlquwnh5pv64hs42znl07zj,,57713356,200,0.749633,0.000003,0.000002,0.576641,0.000000,0.576642,17914
pool19kfm6lz5uw7nylq27swr367mqdycmug7tve94l6h3xsz64seqtc,KILN8,57587192,100,0.747995,0.000001,0.000001,0.575380,0.000000,0.575381,17875
pool1vev8z03vh7jwx3mfrgzrt9fltt97nupaxv8ffj4r5r8mgwts5ze,ADAOZ,57562836,60000,0.747678,0.000779,0.000583,0.575137,0.000134,0.575272,17872
pool17ahr5ygy48vpdfnatqn2z4wfu2te4quapk2yx3k50ce6kd7feg0,ST3AK,56896108,2789000,0.739018,0.036226,0.026429,0.568476,0.006099,0.574575,17850
pool1prc9hna2mgamtspchrygc66s9n4tlkvh39e3t9zccef4kzc3ns2,TERM,56618801,3350000,0.735416,0.043513,0.031499,0.565705,0.007269,0.572974,17801
pool1dl4695wfl79k7gtzt87gsf8gsqeq97yzuvaq0d4zxhz6c0nlf4g,BD2,57267267,200,0.743839,0.000003,0.000002,0.572184,0.000000,0.572184,17776
pool1xt7mjrtnsew3v33lu8sf93upf20sxhmcrfnpm82ra46yxk7uy45,ETO3,57000082,0,0.740369,0.000000,0.000000,0.569514,0.000000,0.569514,17693
pool1s6se64qce5rjjjhh6ufcdnc54p8qg78mlhjm38lymx99sqysvzx,PAUL1,56964607,100000,0.739908,0.001299,0.000961,0.569160,0.000222,0.569382,17689
pool1ft4xjlz9uw0r0ewcgtkgeakqrfc5azxmxwsm5pt94dv67mw4rgd,1LOVE,56735898,712000,0.736937,0.009248,0.006793,0.566875,0.001568,0.568442,17660
pool1ksrg8a964464las0ymw88slrwxkychjz9lh09lqltu5m7nw3pq0,QUEEN,56778167,250000,0.737486,0.003247,0.002392,0.567297,0.000552,0.567849,17641
pool1qqqqdktl6pq46td0mwut0qn30g7nlue0sete9wxl0hwsq37wrw8,STR8,56626268,650000,0.735513,0.008443,0.006191,0.565779,0.001429,0.567208,17621
pool1lhz4gsk5ezdl5s4mv2kxgrkhzzhad6me2v0xmwuyt845vensdlc,SECUR,56678107,100000,0.736187,0.001299,0.000956,0.566297,0.000221,0.566518,17600
pool1xucruwwxsym3u9v0m4ex3az5d4vpz9xu877vsl9udpt0q237e9m,KLF,56385521,0,0.732386,0.000000,0.000000,0.563374,0.000000,0.563374,17502
pool1wvaj307ee8jfewv9qjtgk0q3elmpe5lz4n2dec2303062f7dc4c,N/A,56219455,0,0.730229,0.000000,0.000000,0.561715,0.000000,0.561715,17451
pool1xjhzgchsl2ccvc5pj3aqytv9hh0jnaz63wtfnw4th07tjypm46x,SECUR,56092783,100000,0.728584,0.001299,0.000946,0.560449,0.000218,0.560667,17418
pool1uj4u73qgtprqre78q75fq2vkcrpfrcdreqcqkvn6u0m2k6nk2yp,EVE1,55967881,1000,0.726962,0.000013,0.000009,0.559201,0.000002,0.559203,17373
pool1qfxukshs4fkcrflzdnxa2fdza5lfvew3y6echg8ckaa4q8m5hyf,NEDS1,55813900,250000,0.724962,0.003247,0.002351,0.557663,0.000543,0.558205,17342
pool1cf7mqj0xd8z4jqhr7nf565mxuvepk8euv5t6ehmuwe49kfz9llr,TOKAI,55653450,100000,0.722877,0.001299,0.000938,0.556060,0.000217,0.556276,17282
pool1gtphgrdj8sluxm9e7ca2spcwcq2p0dxj9zf5v0yv3gsagzq704n,ADAFR,55020668,3030000,0.714658,0.039356,0.027684,0.549737,0.006389,0.556126,17277
pool1cunvnkjkzh2lna593sjmkylcr3r5rmxdpr8r9u6pfuer72p24x4,,55415071,2,0.719781,0.000000,0.000000,0.553678,0.000000,0.553678,17201
pool16eua0zalaln7q0s9u7jzlyygqad0pu2l2qdxx8r8ueqrw2jdhqf,ETO9,54629254,0,0.709574,0.000000,0.000000,0.545826,0.000000,0.545826,16957
pool106sjgd9m4shsvtc9ruk7femgndknefmct6eedskww37pzv8hz9n,,54485741,100,0.707710,0.000001,0.000001,0.544392,0.000000,0.544393,16913
pool1myvgx4ef424e6nw2strqq7dxcepav52plyyhxrk0avaw7y098l2,COOL2,54175452,100000,0.703680,0.001299,0.000914,0.541292,0.000211,0.541503,16823
pool147tju4482jtl253lgqq88fkefdugcuhaumf8m0rcj8uzxu846qm,N/A,53840852,0,0.699334,0.000000,0.000000,0.537949,0.000000,0.537949,16712
pool1up53z2kadt6l5xs359ckx477rpyvyg3favh25qrhqt2ujclpq3h,,53717135,10000,0.697727,0.000130,0.000091,0.536713,0.000021,0.536734,16675
pool1y6gnk7t3n6rvpr67f68mehxgqs5x24n0esz9l5j7m4aqzn4e0qw,N/A,52970906,0,0.688034,0.000000,0.000000,0.529257,0.000000,0.529257,16442
pool1q5q3rld4nll02w8sqhf9582jcf22t99yt27z0pqksvpnv4rdra9,N/A,52641841,0,0.683760,0.000000,0.000000,0.525969,0.000000,0.525969,16340
pool1z7n2ruhmxmv77f6cqhd3wsy6774h2wuay77agxuf2y9mj8q55vw,1PCT2,52621279,50000,0.683493,0.000649,0.000444,0.525764,0.000102,0.525866,16337
pool14skj6e4rpjanzclx3fc880xnl8xafgg63tmw93t9xspvwx985qu,EVRST,51900759,1000,0.674134,0.000013,0.000009,0.518565,0.000002,0.518567,16110
pool1ell3xjtspzzz4vtsatscan6rheltf7j3hh2s8qsam2h3jvcxzm9,OCEA4,51688398,10000,0.671376,0.000130,0.000087,0.516443,0.000020,0.516463,16045
pool1mt8sdg37f2h3rypyuc77k7vxrjshtvjw04zdjlae9vdzyt9uu34,ABLE,51640538,5000,0.670754,0.000065,0.000044,0.515965,0.000010,0.515975,16030
pool1tdvqgy6mq7lx7d345e276xmgmhh3s4zj8dzu6xzq5m7rx4tzkg2,ONYX,51536413,250000,0.669402,0.003247,0.002170,0.514924,0.000501,0.515425,16013
pool1w7c2j0px43jmudhf48ezp7dy8j7904c9l3wc7809lhh2z026hch,STAT,51222036,750000,0.665318,0.009742,0.006450,0.511783,0.001488,0.513272,15946
pool1a23gmvalpdams9d42t7fur8vmknzjv7wd3nsvuvrc7dv66lnau0,AOS,50583682,350000,0.657027,0.004546,0.002980,0.505405,0.000688,0.506093,15723
pool1wt0pf4u2xktp0f7apveu242w6nkm4ltk3m8g039lvuhwq4zdtf3,ECO,50364028,100000,0.654174,0.001299,0.000849,0.503210,0.000196,0.503406,15639
pool1wm5pnu72efdcvjm34r7ykkxx2h549swddjrn6r2aqy3tvjc4l57,FGMT6,50347816,0,0.653963,0.000000,0.000000,0.503049,0.000000,0.503049,15628
pool1ng3vqzrhn3z45yjdscv3q37n26g2pj3vp99rfkgv6225y8lqg8j,EVE2,50289793,1000,0.653209,0.000013,0.000008,0.502469,0.000002,0.502471,15610
pool1rmpv0h0pecysach8tj06vxx9wku2pdm74mk9cunx759v58q0hu2,SASA,50187458,80,0.651880,0.000001,0.000001,0.501446,0.000000,0.501446,15578
pool19l206haluae6wyzm7tjpt3gln9paa5m9s4fedec2u09fqz300ht,ETO10,50006985,0,0.649536,0.000000,0.000000,0.499643,0.000000,0.499643,15522
pool1wdujj7tmux5nuwnpeksgncendr3mj8ecsjcddpzx9gewc3flp4r,ETO6,50000385,0,0.649450,0.000000,0.000000,0.499577,0.000000,0.499577,15520
pool1jzk8rwf2fs5l02dmm6pm5tnw9stmd8jpmvsy54085vu2u2656re,ETO11,50000222,0,0.649448,0.000000,0.000000,0.499576,0.000000,0.499576,15520
pool1dzdxps32uqhva9q9urx4lm7m0nhlczjjccwy9kv4t2d3krsn4m7,ETO5,50000194,0,0.649448,0.000000,0.000000,0.499575,0.000000,0.499575,15520
pool1fvgmxt3688a5zl6amhvaqk9tmvk3lhxkgdsta6yj3czuy5hjwfy,ETO12,50000076,0,0.649446,0.000000,0.000000,0.499574,0.000000,0.499574,15520
pool1swuyjknhewtqcmh583jjpvlcl0p9h9hrt5l2f3v2hl6gchqrn40,ETO4,49999975,0,0.649445,0.000000,0.000000,0.499573,0.000000,0.499573,15520
pool1dxwgzj66pual956mnv9delkelg873yvgr2dd8s279m0hxqvr475,APOP,49785641,250000,0.646661,0.003247,0.002096,0.497432,0.000484,0.497915,15469
pool1krznhwu3h5pu2stuslr53z5rme50t6384macsmylcnljwc7yjky,LEAF,49737009,150000,0.646029,0.001948,0.001257,0.496946,0.000290,0.497236,15448
pool1pshqcksxywy68lt04lw6uf35f4yssekh5dx2mxqmyrukke2z5y3,ACL,49449109,750000,0.642290,0.009742,0.006223,0.494069,0.001436,0.495505,15394
pool1pp7tn2w6ken4rpfcjwcdup3g4m5gcdhc9lgvrm3mnxz5stmrhq2,CROW,49387981,100000,0.641496,0.001299,0.000833,0.493458,0.000192,0.493650,15336
pool1rct5guwnp6nk9f4ldn5tr3s42j0nm5rxeayv56lxua5ck47ex39,FIMI,49070722,10000,0.637375,0.000130,0.000083,0.490288,0.000019,0.490308,15232
pool1a0kp4vl4fh0p0rs8s08rm7qq3vkj3epwraayk3sdgm8sz0zwt7t,,48839479,1000,0.634371,0.000013,0.000008,0.487978,0.000002,0.487980,15160
pool1qakys0fxx5p2fxcnsc2tyjpqa88q7qgtdh5t3a32hplv6fg25r9,DAPP,48501741,1000,0.629985,0.000013,0.000008,0.484604,0.000002,0.484605,15055
pool1t6ek99u2dzj8sr606uqm3uz0tt4ejr4cpvwtqfwen6p2z57rrst,BD0,48458840,200,0.629427,0.000003,0.000002,0.484175,0.000000,0.484175,15042
pool166dkk9kx5y6ug9tnvh0dnvxhwt2yca3g5pd5jaqa8t39cgyqqlr,VIPER,48215918,401000,0.626272,0.005209,0.003252,0.481748,0.000750,0.482498,14990
pool1w6l6rvhxtym5psec3mvgrjlg28d6hrv8g9jjexadzmxfgndfg2f,SIPO,48090432,50000,0.624642,0.000649,0.000406,0.480494,0.000094,0.480588,14930
pool1fpu5xurq3jx5rn626ejcx0dzzzk5lmtvdl2qkj9l4kw2sjp50dz,MS6,47750610,100000,0.620228,0.001299,0.000805,0.477099,0.000186,0.477284,14828
pool1tpr44v3pxth9j0ff246dvsryxpanxwx52f024ws3ecvn72sgv55,,46878434,1000,0.608900,0.000013,0.000008,0.468384,0.000002,0.468386,14551
pool1p70svj9zrg7lgzkdn8udlslry0t27qs8r9tz9lr955v2yfna2rl,BTV1,46722293,2,0.606871,0.000000,0.000000,0.466824,0.000000,0.466824,14503
pool193uec04jldvah7r52q86wl033g4v42x0aste8jfg9999qepaxfp,0AAAA,46252046,50000,0.600763,0.000649,0.000390,0.462126,0.000090,0.462216,14360
pool108zdflss3ayqlm5c7vr6mtqj2uwl99vk28ur8dv4zswdzt6yauc,AZUR,46078489,500000,0.598509,0.006494,0.003870,0.460392,0.000893,0.461285,14331
pool1qa6lqyu67ghpa0evxfu9nzqkj3h82qpfku82ec79zdwru4pd25m,CNODE,45925900,500000,0.596527,0.006494,0.003857,0.458867,0.000890,0.459757,14283
pool1ynxx88cq0y8vg8yrq3jrw6epm7rq9a8859v34sq9lzjy7ztg90u,EVE,45351980,1000,0.589073,0.000013,0.000008,0.453133,0.000002,0.453135,14078
pool13z5t8wlhtf7ccc0hud8pnvpjeekjdsyn7sq69fcxf3k6kpnlm74,BTV2,45339386,2,0.588909,0.000000,0.000000,0.453007,0.000000,0.453007,14074
pool136q98jnwt093qle4ph86vdpuwplg7gyvt20h2nq4m6ksv8xjcuj,PNR39,45338741,500,0.588901,0.000006,0.000004,0.453001,0.000001,0.453001,14073
pool1sjwdmeme5zs042jzwmdvxshhv27kepxke0mr02f2yzacsyd4wtu,CCV,45142755,500,0.586355,0.000006,0.000004,0.451042,0.000001,0.451043,14013
pool1cpwymxe2fjr20u34f874e2q6za3razk0rttslrxqhc4tu3zxau8,BTV3,45104691,2,0.585861,0.000000,0.000000,0.450662,0.000000,0.450662,14001
pool1cyq3v3v43hu7spwlfxdm6vq9djpsjjueerhlu5qr2rvd57vqk84,,44696203,5,0.580555,0.000000,0.000000,0.446581,0.000000,0.446581,13874
pool14mhf0xtx45a8979mcnad8upas8apwal4nfqd95arv4wlsuk6m9q,GMO2,41837944,20000000,0.543429,0.259778,0.110359,0.418022,0.025468,0.443490,13778
pool16fyda57p3c8gp5r6gmcq5tvqsp6mnzwvkxswgznkuh8wztrp6vv,HRMS,44159519,100000,0.573584,0.001299,0.000744,0.441218,0.000172,0.441390,13713
pool13qdkwy5y88ncr5qpjrh8hgtf94d0zw4wuhgezjg3hvlyyrh37c7,SECUR,44106772,100000,0.572899,0.001299,0.000743,0.440691,0.000172,0.440863,13696
pool1pmm654jfx088td54ekkkd0j28x6r5gnjdhnutzggursrxjnpk2y,EMUR4,43626465,500,0.566660,0.000006,0.000004,0.435892,0.000001,0.435893,13542
pool16pv24th2tzy8k70vk4ms35tff0fjxfm2dd2psk7cvs27wnjvlgh,SDG13,43504119,10000,0.565071,0.000130,0.000073,0.434670,0.000017,0.434687,13504
pool1du3r4a7xq60hg2x0wcz7lw5ya3qs74rk258c8kanp93rsqdqu45,ALND,43141018,100000,0.560355,0.001299,0.000727,0.431042,0.000168,0.431210,13396
pool189lsf6c2upyhmrzddyvyfjxxkqnte9pw8aqx7f4cuf85sjxlm02,CRDN2,42825197,100000,0.556252,0.001299,0.000722,0.427887,0.000167,0.428053,13298
pool1qqq0c53vaf5ju0n3fvujmyxwca0yhp65930evw9lngmr5705csz,ANP,42560439,350000,0.552814,0.004546,0.002504,0.425241,0.000578,0.425819,13229
pool14fjmlppz76667ws3jl5luejf2wgztuhpsftulvh3ucc65anqgve,XSP2,42380437,20000,0.550476,0.000260,0.000143,0.423443,0.000033,0.423476,13156
pool13mas2wthxs28zftxskcsd8t87jk2w9ntc0u5uflt45sh7lcvs8h,EMUR3,42382680,500,0.550505,0.000006,0.000004,0.423465,0.000001,0.423466,13156
pool19hrn8me383w9atvmjwukjxqsdvr8udpmyxau956hdc53x669j8p,,41633404,1000000,0.540772,0.012989,0.006947,0.415979,0.001603,0.417582,12973
